id,method,subMethod,detail,color,image
1,フォーマルシリーズパーツコレクション（＆アナザーカラー）,フォーマルカラー,フォーマルカラー,normal,img/fc01.png
2,フォーマルシリーズパーツコレクション（＆アナザーカラー）,フォーマルカラー,フォーマルカラー,normal,img/fc02.png
3,フォーマルシリーズパーツコレクション（＆アナザーカラー）,フォーマルカラー,フォーマルカラー,normal,img/fc03.png
4,フォーマルシリーズパーツコレクション（＆アナザーカラー）,フォーマルカラー,フォーマルカラー,normal,img/fc04.png
5,フォーマルシリーズパーツコレクション（＆アナザーカラー）,フォーマルボディ,フォーマルボディ,normal,img/fb01.png
6,フォーマルシリーズパーツコレクション（＆アナザーカラー）,フォーマルボディ,フォーマルボディ,normal,img/fb02.png
7,フォーマルシリーズパーツコレクション（＆アナザーカラー）,フォーマルボディ,フォーマルボディ,normal,img/fb03.png
8,フォーマルシリーズパーツコレクション（＆アナザーカラー）,フォーマルボディ,フォーマルボディ,normal,img/fb04.png
9,フォーマルシリーズパーツコレクション（＆アナザーカラー）,フォーマルボディ,フォーマルボディ,normal,img/fb05.png
10,フォーマルシリーズパーツコレクション（＆アナザーカラー）,フォーマルボディ,フォーマルボディ,normal,img/fb06.png
11,フォーマルシリーズパーツコレクション（＆アナザーカラー）,フォーマルボディ,フォーマルボディ,normal,img/fb07.png
12,フォーマルシリーズパーツコレクション（＆アナザーカラー）,フォーマルボディ,フォーマルボディ,normal,img/fb08.png
13,フォーマルシリーズパーツコレクション（＆アナザーカラー）,フォーマルボディ,フォーマルボディ,normal,img/fb09.png
14,フォーマルシリーズパーツコレクション（＆アナザーカラー）,フォーマルボディ,フォーマルボディ,normal,img/fb10.png
15,フォーマルシリーズパーツコレクション（＆アナザーカラー）,フォーマルボディ,フォーマルボディ,normal,img/fb11.png
16,フォーマルシリーズパーツコレクション（＆アナザーカラー）,フォーマルボディ,フォーマルボディ,normal,img/fb12.png
17,フォーマルシリーズパーツコレクション（＆アナザーカラー）,フォーマルテイル,ロング,normal,img/ftl01.png
18,フォーマルシリーズパーツコレクション（＆アナザーカラー）,フォーマルテイル,ロング,normal,img/ftl02.png
19,フォーマルシリーズパーツコレクション（＆アナザーカラー）,フォーマルテイル,ロング,normal,img/ftl03.png
20,フォーマルシリーズパーツコレクション（＆アナザーカラー）,フォーマルテイル,ロング,normal,img/ftl04.png
21,フォーマルシリーズパーツコレクション（＆アナザーカラー）,フォーマルテイル,ミドル,normal,img/ftm01.png
22,フォーマルシリーズパーツコレクション（＆アナザーカラー）,フォーマルテイル,ミドル,normal,img/ftm02.png
23,フォーマルシリーズパーツコレクション（＆アナザーカラー）,フォーマルテイル,ミドル,normal,img/ftm03.png
24,フォーマルシリーズパーツコレクション（＆アナザーカラー）,フォーマルテイル,ミドル,normal,img/ftm04.png
25,フォーマルシリーズパーツコレクション（＆アナザーカラー）,フォーマルベスト,フォーマルベスト,normal,img/fv01.png
26,フォーマルシリーズパーツコレクション（＆アナザーカラー）,フォーマルベスト,フォーマルベスト,normal,img/fv02.png
27,フォーマルシリーズパーツコレクション（＆アナザーカラー）,フォーマルベスト,フォーマルベスト,normal,img/fv03.png
28,フォーマルシリーズパーツコレクション（＆アナザーカラー）,フォーマルベスト,フォーマルベスト,normal,img/fv04.png
29,フォーマルシリーズパーツコレクション（＆アナザーカラー）,フォーマルベスト,フォーマルベスト,normal,img/fv05.png
30,フォーマルシリーズパーツコレクション（＆アナザーカラー）,フォーマルベスト,フォーマルベスト,normal,img/fv06.png
31,フォーマルシリーズパーツコレクション（＆アナザーカラー）,フォーマルベスト,フォーマルベスト,normal,img/fv07.png
32,フォーマルシリーズパーツコレクション（＆アナザーカラー）,フォーマルベスト,フォーマルベスト,normal,img/fv08.png
33,フォーマルシリーズパーツコレクション（＆アナザーカラー）,フォーマルベスト,フォーマルベスト,normal,img/fv09.png
34,フォーマルシリーズパーツコレクション（＆アナザーカラー）,フォーマルインナー,シャツ,normal,img/fis01.png
35,フォーマルシリーズパーツコレクション（＆アナザーカラー）,フォーマルインナー,シャツ,normal,img/fis02.png
36,フォーマルシリーズパーツコレクション（＆アナザーカラー）,フォーマルインナー,シャツ,normal,img/fis03.png
37,フォーマルシリーズパーツコレクション（＆アナザーカラー）,フォーマルインナー,シャツ,normal,img/fis04.png
38,フォーマルシリーズパーツコレクション（＆アナザーカラー）,フォーマルインナー,ハイネック,normal,img/fih01.png
39,フォーマルシリーズパーツコレクション（＆アナザーカラー）,フォーマルインナー,ハイネック,normal,img/fih02.png
40,フォーマルシリーズパーツコレクション（＆アナザーカラー）,フォーマルインナー,ハイネック,normal,img/fih03.png
41,フォーマルシリーズパーツコレクション（＆アナザーカラー）,フォーマルインナー,ハイネック,normal,img/fih04.png
42,フォーマルシリーズパーツコレクション（＆アナザーカラー）,フォーマルインナー,レースアップ,normal,img/fir01.png
43,フォーマルシリーズパーツコレクション（＆アナザーカラー）,フォーマルインナー,レースアップ,normal,img/fir02.png
44,フォーマルシリーズパーツコレクション（＆アナザーカラー）,フォーマルインナー,レースアップ,normal,img/fir03.png
45,フォーマルシリーズパーツコレクション（＆アナザーカラー）,フォーマルインナー,レースアップ,normal,img/fir04.png
46,フォーマルシリーズパーツコレクション（＆アナザーカラー）,フォーマルネクタイ,ノーマル,normal,img/fnno01.png
47,フォーマルシリーズパーツコレクション（＆アナザーカラー）,フォーマルネクタイ,ループタイ,normal,img/fnlo01.png
48,フォーマルシリーズパーツコレクション（＆アナザーカラー）,フォーマルネクタイ,クロスタイ,normal,img/fnxx01.png
49,フォーマルシリーズパーツコレクション（＆アナザーカラー）,フォーマルネクタイ,レイヤードタイ,normal,img/fnre01.png
50,フォーマルシリーズパーツコレクション（＆アナザーカラー）,フォーマルネクタイ,クロスリボン,normal,img/fnxr01.png
51,フォーマルシリーズパーツコレクション（＆アナザーカラー）,フォーマルネクタイ,ネックレス,normal,img/fnne01.png
52,プリンスシリーズパーツコレクション（＆アナザーカラー）,プリンスカラー,フェザー,normal,img/pf01.png
53,プリンスシリーズパーツコレクション（＆アナザーカラー）,プリンスカラー,フェザー,normal,img/pf02.png
54,プリンスシリーズパーツコレクション（＆アナザーカラー）,プリンスカラー,フェザー,normal,img/pf03.png
55,プリンスシリーズパーツコレクション（＆アナザーカラー）,プリンスカラー,フェザー,normal,img/pf04.png
56,プリンスシリーズパーツコレクション（＆アナザーカラー）,プリンスカラー,ダブルスクエア,normal,img/ps01.png
57,プリンスシリーズパーツコレクション（＆アナザーカラー）,プリンスカラー,ダブルスクエア,normal,img/ps02.png
58,プリンスシリーズパーツコレクション（＆アナザーカラー）,プリンスカラー,ダブルスクエア,normal,img/ps03.png
59,プリンスシリーズパーツコレクション（＆アナザーカラー）,プリンスカラー,ダブルスクエア,normal,img/ps04.png
60,プリンスシリーズパーツコレクション（＆アナザーカラー）,プリンスカラー,ダブルカラー,normal,img/pd01.png
61,プリンスシリーズパーツコレクション（＆アナザーカラー）,プリンスカラー,ダブルカラー,normal,img/pd02.png
62,プリンスシリーズパーツコレクション（＆アナザーカラー）,プリンスカラー,ダブルカラー,normal,img/pd03.png
63,プリンスシリーズパーツコレクション（＆アナザーカラー）,プリンスカラー,ダブルカラー,normal,img/pd04.png
64,プリンスシリーズパーツコレクション（＆アナザーカラー）,プリンスボディ,プリンスボディ,normal,img/pb01.png
65,プリンスシリーズパーツコレクション（＆アナザーカラー）,プリンスボディ,プリンスボディ,normal,img/pb02.png
66,プリンスシリーズパーツコレクション（＆アナザーカラー）,プリンスボディ,プリンスボディ,normal,img/pb03.png
67,プリンスシリーズパーツコレクション（＆アナザーカラー）,プリンスボディ,プリンスボディ,normal,img/pb04.png
68,プリンスシリーズパーツコレクション（＆アナザーカラー）,プリンスボディ,プリンスボディ,normal,img/pb05.png
69,プリンスシリーズパーツコレクション（＆アナザーカラー）,プリンスボディ,プリンスボディ,normal,img/pb06.png
70,プリンスシリーズパーツコレクション（＆アナザーカラー）,プリンスボディ,プリンスボディ,normal,img/pb07.png
71,プリンスシリーズパーツコレクション（＆アナザーカラー）,プリンスボディ,プリンスボディ,normal,img/pb08.png
72,プリンスシリーズパーツコレクション（＆アナザーカラー）,プリンスボディ,プリンスボディ,normal,img/pb09.png
73,プリンスシリーズパーツコレクション（＆アナザーカラー）,プリンスボディ,プリンスボディ,normal,img/pb10.png
74,プリンスシリーズパーツコレクション（＆アナザーカラー）,プリンスボディ,プリンスボディ,normal,img/pb11.png
75,プリンスシリーズパーツコレクション（＆アナザーカラー）,プリンスボディ,プリンスボディ,normal,img/pb12.png
76,プリンスシリーズパーツコレクション（＆アナザーカラー）,プリンスボディ,プリンスボディ,normal,img/pb13.png
77,プリンスシリーズパーツコレクション（＆アナザーカラー）,プリンステイル,ラウンド,normal,img/ptr01.png
78,プリンスシリーズパーツコレクション（＆アナザーカラー）,プリンステイル,ラウンド,normal,img/ptr02.png
79,プリンスシリーズパーツコレクション（＆アナザーカラー）,プリンステイル,ラウンド,normal,img/ptr03.png
80,プリンスシリーズパーツコレクション（＆アナザーカラー）,プリンステイル,ラウンド,normal,img/ptr04.png
81,プリンスシリーズパーツコレクション（＆アナザーカラー）,プリンステイル,クラブ,normal,img/ptq01.png
82,プリンスシリーズパーツコレクション（＆アナザーカラー）,プリンステイル,クラブ,normal,img/ptq02.png
83,プリンスシリーズパーツコレクション（＆アナザーカラー）,プリンステイル,クラブ,normal,img/ptq03.png
84,プリンスシリーズパーツコレクション（＆アナザーカラー）,プリンステイル,クラブ,normal,img/ptq04.png
85,プリンスシリーズパーツコレクション（＆アナザーカラー）,プリンステイル,エレガント,normal,img/pte01.png
86,プリンスシリーズパーツコレクション（＆アナザーカラー）,プリンステイル,エレガント,normal,img/pte02.png
87,プリンスシリーズパーツコレクション（＆アナザーカラー）,プリンステイル,エレガント,normal,img/pte03.png
88,プリンスシリーズパーツコレクション（＆アナザーカラー）,プリンステイル,エレガント,normal,img/pte04.png
89,プリンスシリーズパーツコレクション（＆アナザーカラー）,プリンススカーフ,フレア,normal,img/psf01.png
90,プリンスシリーズパーツコレクション（＆アナザーカラー）,プリンススカーフ,フォールド,normal,img/psl01.png
91,プリンスシリーズパーツコレクション（＆アナザーカラー）,プリンススカーフ,ドレープ,normal,img/psd01.png
92,プリンスシリーズパーツコレクション（＆アナザーカラー）,プリンススカーフ,リボン,normal,img/psr01.png
93,プリンスシリーズパーツコレクション（＆アナザーカラー）,プリンススカーフ,ワンサイドリボン,normal,img/pso01.png
94,カジュアルシリーズパーツコレクション（＆アナザーカラー）,カジュアルボディ,カジュアルボディ,normal,img/cb01.png
95,カジュアルシリーズパーツコレクション（＆アナザーカラー）,カジュアルボディ,カジュアルボディ,normal,img/cb02.png
96,カジュアルシリーズパーツコレクション（＆アナザーカラー）,カジュアルボディ,カジュアルボディ,normal,img/cb03.png
97,カジュアルシリーズパーツコレクション（＆アナザーカラー）,カジュアルボディ,カジュアルボディ,normal,img/cb04.png
98,カジュアルシリーズパーツコレクション（＆アナザーカラー）,カジュアルボディ,カジュアルボディ,normal,img/cb05.png
99,カジュアルシリーズパーツコレクション（＆アナザーカラー）,カジュアルボディ,カジュアルボディ,normal,img/cb06.png
100,カジュアルシリーズパーツコレクション（＆アナザーカラー）,カジュアルボディ,カジュアルボディ,normal,img/cb07.png
101,カジュアルシリーズパーツコレクション（＆アナザーカラー）,カジュアルボディ,カジュアルボディ,normal,img/cb08.png
102,カジュアルシリーズパーツコレクション（＆アナザーカラー）,カジュアルボディ,カジュアルボディ,normal,img/cb09.png
103,カジュアルシリーズパーツコレクション（＆アナザーカラー）,カジュアルボディ,カジュアルボディ,normal,img/cb10.png
104,カジュアルシリーズパーツコレクション（＆アナザーカラー）,カジュアルボディ,カジュアルボディ,normal,img/cb11.png
105,カジュアルシリーズパーツコレクション（＆アナザーカラー）,カジュアルボディ,カジュアルボディ,normal,img/cb12.png
106,カジュアルシリーズパーツコレクション（＆アナザーカラー）,カジュアルインナー,オープンカラー,normal,img/cio01.png
107,カジュアルシリーズパーツコレクション（＆アナザーカラー）,カジュアルインナー,オープンカラー,normal,img/cio02.png
108,カジュアルシリーズパーツコレクション（＆アナザーカラー）,カジュアルインナー,オープンカラー,normal,img/cio03.png
109,カジュアルシリーズパーツコレクション（＆アナザーカラー）,カジュアルインナー,オープンカラー,normal,img/cio04.png
110,カジュアルシリーズパーツコレクション（＆アナザーカラー）,カジュアルインナー,ダイヤ,normal,img/cid01.png
111,カジュアルシリーズパーツコレクション（＆アナザーカラー）,カジュアルインナー,ダイヤ,normal,img/cid02.png
112,カジュアルシリーズパーツコレクション（＆アナザーカラー）,カジュアルインナー,ダイヤ,normal,img/cid03.png
113,カジュアルシリーズパーツコレクション（＆アナザーカラー）,カジュアルインナー,ダイヤ,normal,img/cid04.png
114,カジュアルシリーズパーツコレクション（＆アナザーカラー）,カジュアルインナー,ダイヤ,normal,img/cid05.png
115,カジュアルシリーズパーツコレクション（＆アナザーカラー）,カジュアルインナー,ジッパー,normal,img/cig01.png
116,カジュアルシリーズパーツコレクション（＆アナザーカラー）,カジュアルインナー,ジッパー,normal,img/cig02.png
117,カジュアルシリーズパーツコレクション（＆アナザーカラー）,カジュアルインナー,ジッパー,normal,img/cig03.png
118,カジュアルシリーズパーツコレクション（＆アナザーカラー）,カジュアルインナー,ジッパー,normal,img/cig04.png
119,カジュアルシリーズパーツコレクション（＆アナザーカラー）,カジュアルインナー,ラウンド,normal,img/cir01.png
120,カジュアルシリーズパーツコレクション（＆アナザーカラー）,カジュアルインナー,ラウンド,normal,img/cir02.png
121,カジュアルシリーズパーツコレクション（＆アナザーカラー）,カジュアルインナー,ラウンド,normal,img/cir03.png
122,カジュアルシリーズパーツコレクション（＆アナザーカラー）,カジュアルインナー,ラウンド,normal,img/cir04.png
123,カジュアルシリーズパーツコレクション（＆アナザーカラー）,カジュアルインナー,ラウンド,normal,img/cir05.png
124,カジュアルシリーズパーツコレクション（＆アナザーカラー）,カジュアルインナー,ラウンド,normal,img/cir06.png
125,スポーティシリーズパーツコレクション（＆アナザーカラー）,スポーティボディ,スポーティボディ,normal,img/sb01.png
126,スポーティシリーズパーツコレクション（＆アナザーカラー）,スポーティボディ,スポーティボディ,normal,img/sb02.png
127,スポーティシリーズパーツコレクション（＆アナザーカラー）,スポーティボディ,スポーティボディ,normal,img/sb03.png
128,スポーティシリーズパーツコレクション（＆アナザーカラー）,スポーティボディ,スポーティボディ,normal,img/sb04.png
129,スポーティシリーズパーツコレクション（＆アナザーカラー）,スポーティボディ,スポーティボディ,normal,img/sb05.png
130,スポーティシリーズパーツコレクション（＆アナザーカラー）,スポーティボディ,スポーティボディ,normal,img/sb06.png
131,スポーティシリーズパーツコレクション（＆アナザーカラー）,スポーティボディ,スポーティボディ,normal,img/sb07.png
132,スポーティシリーズパーツコレクション（＆アナザーカラー）,スポーティボディ,スポーティボディ,normal,img/sb08.png
133,スポーティシリーズパーツコレクション（＆アナザーカラー）,スポーティボディ,スポーティボディ,normal,img/sb09.png
134,スポーティシリーズパーツコレクション（＆アナザーカラー）,スポーティボディ,スポーティボディ,normal,img/sb10.png
135,スポーティシリーズパーツコレクション（＆アナザーカラー）,スポーティボディ,スポーティボディ,normal,img/sb11.png
136,スポーティシリーズパーツコレクション（＆アナザーカラー）,スポーティボディ,スポーティボディ,normal,img/sb12.png
137,スポーティシリーズパーツコレクション（＆アナザーカラー）,スポーティインナー,スポーティインナー,normal,img/si01.png
138,スポーティシリーズパーツコレクション（＆アナザーカラー）,スポーティインナー,スポーティインナー,normal,img/si02.png
139,スポーティシリーズパーツコレクション（＆アナザーカラー）,スポーティインナー,スポーティインナー,normal,img/si03.png
140,スポーティシリーズパーツコレクション（＆アナザーカラー）,スポーティインナー,スポーティインナー,normal,img/si04.png
141,スポーティシリーズパーツコレクション（＆アナザーカラー）,スポーティスリーブ,ノーマル,normal,img/ssn01.png
142,スポーティシリーズパーツコレクション（＆アナザーカラー）,スポーティスリーブ,ノーマル,normal,img/ssn02.png
143,スポーティシリーズパーツコレクション（＆アナザーカラー）,スポーティスリーブ,ノーマル,normal,img/ssn03.png
144,スポーティシリーズパーツコレクション（＆アナザーカラー）,スポーティスリーブ,ノーマル,normal,img/ssn04.png
145,スポーティシリーズパーツコレクション（＆アナザーカラー）,スポーティスリーブ,ワイドレイヤー,normal,img/ssw01.png
146,スポーティシリーズパーツコレクション（＆アナザーカラー）,スポーティスリーブ,ワイドレイヤー,normal,img/ssw02.png
147,スポーティシリーズパーツコレクション（＆アナザーカラー）,スポーティスリーブ,ワイドレイヤー,normal,img/ssw03.png
148,スポーティシリーズパーツコレクション（＆アナザーカラー）,スポーティスリーブ,ワイドレイヤー,normal,img/ssw04.png
149,スポーティシリーズパーツコレクション（＆アナザーカラー）,スポーティスリーブ,ハーフ,normal,img/ssh01.png
150,スポーティシリーズパーツコレクション（＆アナザーカラー）,スポーティスリーブ,ハーフ,normal,img/ssh02.png
151,スポーティシリーズパーツコレクション（＆アナザーカラー）,スポーティスリーブ,ハーフ,normal,img/ssh03.png
152,スポーティシリーズパーツコレクション（＆アナザーカラー）,スポーティスリーブ,ハーフ,normal,img/ssh04.png
153,スポーティシリーズパーツコレクション（＆アナザーカラー）,スポーティスリーブ,ワンサイド,normal,img/sso01.png
154,スポーティシリーズパーツコレクション（＆アナザーカラー）,スポーティスリーブ,ワンサイド,normal,img/sso02.png
155,スポーティシリーズパーツコレクション（＆アナザーカラー）,スポーティスリーブ,ワンサイド,normal,img/sso03.png
156,スポーティシリーズパーツコレクション（＆アナザーカラー）,スポーティスリーブ,ワンサイド,normal,img/sso04.png
157,スポーティシリーズパーツコレクション（＆アナザーカラー）,スポーティストラップ,ストレート,normal,img/sss01.png
158,スポーティシリーズパーツコレクション（＆アナザーカラー）,スポーティストラップ,チェーン,normal,img/ssc01.png
159,スポーティシリーズパーツコレクション（＆アナザーカラー）,スポーティストラップ,リボン,normal,img/ssr01.png
160,スポーティシリーズパーツコレクション（＆アナザーカラー）,スポーティストラップ,ギャザー,normal,img/ssg01.png
161,スリーブパーツコレクション（＆アナザーカラー）,ブライトスリーブ,ノーマル,normal,img/bsno01.png
162,スリーブパーツコレクション（＆アナザーカラー）,ブライトスリーブ,ノーマル,normal,img/bsno02.png
163,スリーブパーツコレクション（＆アナザーカラー）,ブライトスリーブ,ノーマル,normal,img/bsno03.png
164,スリーブパーツコレクション（＆アナザーカラー）,ブライトスリーブ,ノーマル,normal,img/bsno04.png
165,スリーブパーツコレクション（＆アナザーカラー）,ブライトスリーブ,ノーマル,normal,img/bsno05.png
166,スリーブパーツコレクション（＆アナザーカラー）,ブライトスリーブ,ノーマル,normal,img/bsno06.png
167,スリーブパーツコレクション（＆アナザーカラー）,ブライトスリーブ,ノーマル,normal,img/bsno07.png
168,スリーブパーツコレクション（＆アナザーカラー）,ブライトスリーブ,ノーマル,normal,img/bsno08.png
169,スリーブパーツコレクション（＆アナザーカラー）,ブライトスリーブ,フレア,normal,img/bsfl01.png
170,スリーブパーツコレクション（＆アナザーカラー）,ブライトスリーブ,フレア,normal,img/bsfl02.png
171,スリーブパーツコレクション（＆アナザーカラー）,ブライトスリーブ,フレア,normal,img/bsfl03.png
172,スリーブパーツコレクション（＆アナザーカラー）,ブライトスリーブ,フレア,normal,img/bsfl04.png
173,スリーブパーツコレクション（＆アナザーカラー）,ブライトスリーブ,ハーフ,normal,img/bsha01.png
174,スリーブパーツコレクション（＆アナザーカラー）,ブライトスリーブ,ハーフ,normal,img/bsha02.png
175,スリーブパーツコレクション（＆アナザーカラー）,ブライトスリーブ,ハーフ,normal,img/bsha03.png
176,スリーブパーツコレクション（＆アナザーカラー）,ブライトスリーブ,ハーフ,normal,img/bsha04.png
177,スリーブパーツコレクション（＆アナザーカラー）,ブライトスリーブ,ハーフ,normal,img/bsha05.png
178,スリーブパーツコレクション（＆アナザーカラー）,ブライトスリーブ,ワイド,normal,img/bswa01.png
179,スリーブパーツコレクション（＆アナザーカラー）,ブライトスリーブ,ワイド,normal,img/bswa02.png
180,スリーブパーツコレクション（＆アナザーカラー）,ブライトスリーブ,ワイド,normal,img/bswa03.png
181,スリーブパーツコレクション（＆アナザーカラー）,ブライトスリーブ,ワイド,normal,img/bswa04.png
182,スリーブパーツコレクション（＆アナザーカラー）,ブライトスリーブ,ドレープ,normal,img/bsdo01.png
183,スリーブパーツコレクション（＆アナザーカラー）,ブライトスリーブ,ドレープ,normal,img/bsdo02.png
184,スリーブパーツコレクション（＆アナザーカラー）,ブライトスリーブ,ドレープ,normal,img/bsdo03.png
185,スリーブパーツコレクション（＆アナザーカラー）,ブライトスリーブ,ドレープ,normal,img/bsdo04.png
186,スリーブパーツコレクション（＆アナザーカラー）,ブライトスリーブ,ワイドフレア,normal,img/bswf01.png
187,スリーブパーツコレクション（＆アナザーカラー）,ブライトスリーブ,ワイドフレア,normal,img/bswf02.png
188,スリーブパーツコレクション（＆アナザーカラー）,ブライトスリーブ,ワイドフレア,normal,img/bswf03.png
189,スリーブパーツコレクション（＆アナザーカラー）,ブライトスリーブ,ワイドフレア,normal,img/bswf04.png
190,スリーブパーツコレクション（＆アナザーカラー）,ブライトスリーブ,レイヤード,normal,img/bsre01.png
191,スリーブパーツコレクション（＆アナザーカラー）,ブライトスリーブ,レイヤード,normal,img/bsre02.png
192,スリーブパーツコレクション（＆アナザーカラー）,ブライトスリーブ,レイヤード,normal,img/bsre03.png
193,スリーブパーツコレクション（＆アナザーカラー）,ブライトスリーブ,レイヤード,normal,img/bsre04.png
194,スリーブパーツコレクション（＆アナザーカラー）,ブライトスリーブ,フリル,normal,img/bsfr01.png
195,スリーブパーツコレクション（＆アナザーカラー）,ブライトスリーブ,フリル,normal,img/bsfr02.png
196,スリーブパーツコレクション（＆アナザーカラー）,ブライトスリーブ,フリル,normal,img/bsfr03.png
197,スリーブパーツコレクション（＆アナザーカラー）,ブライトスリーブ,フリル,normal,img/bsfr04.png
198,スリーブパーツコレクション（＆アナザーカラー）,ブライトスリーブ,フリル,normal,img/bsfr05.png
199,スリーブパーツコレクション（＆アナザーカラー）,ブライトスリーブ,フリル,normal,img/bsfr06.png
200,スリーブパーツコレクション（＆アナザーカラー）,ブライトスリーブ,フリル,normal,img/bsfr07.png
201,スリーブパーツコレクション（＆アナザーカラー）,ブライトスリーブ,フリル,normal,img/bsfr08.png
202,スリーブパーツコレクション（＆アナザーカラー）,ブライトスリーブ,フリル,normal,img/bsfr09.png
203,スリーブパーツコレクション（＆アナザーカラー）,ブライトスリーブ,フリル,normal,img/bsfr10.png
204,スリーブパーツコレクション（＆アナザーカラー）,ブライトスリーブ,フリル,normal,img/bsfr11.png
205,スリーブパーツコレクション（＆アナザーカラー）,ブライトスリーブ,フリル,normal,img/bsfr12.png
206,スリーブパーツコレクション（＆アナザーカラー）,ブライトスリーブ,アクティブ,normal,img/bsac01.png
207,スリーブパーツコレクション（＆アナザーカラー）,ブライトスリーブ,アクティブ,normal,img/bsac02.png
208,スリーブパーツコレクション（＆アナザーカラー）,ブライトスリーブ,アクティブ,normal,img/bsac03.png
209,スリーブパーツコレクション（＆アナザーカラー）,ブライトスリーブ,アクティブ,normal,img/bsac04.png
210,スリーブパーツコレクション（＆アナザーカラー）,ブライトスリーブ,アクティブ,normal,img/bsac05.png
211,パンツ＆アクセサリーコレクション（＆アナザーカラー）,ブライトパンツ,スラックス,normal,img/bs01.png
212,パンツ＆アクセサリーコレクション（＆アナザーカラー）,ブライトパンツ,スラックス,normal,img/bs02.png
213,パンツ＆アクセサリーコレクション（＆アナザーカラー）,ブライトパンツ,スラックス,normal,img/bs03.png
214,パンツ＆アクセサリーコレクション（＆アナザーカラー）,ブライトパンツ,スラックス,normal,img/bs04.png
215,パンツ＆アクセサリーコレクション（＆アナザーカラー）,ブライトパンツ,ワイドパンツ,normal,img/bw01.png
216,パンツ＆アクセサリーコレクション（＆アナザーカラー）,ブライトパンツ,ワイドパンツ,normal,img/bw02.png
217,パンツ＆アクセサリーコレクション（＆アナザーカラー）,ブライトパンツ,ワイドパンツ,normal,img/bw03.png
218,パンツ＆アクセサリーコレクション（＆アナザーカラー）,ブライトパンツ,ワイドパンツ,normal,img/bw04.png
219,パンツ＆アクセサリーコレクション（＆アナザーカラー）,ブライトパンツ,タイトスキニー,normal,img/bt01.png
220,パンツ＆アクセサリーコレクション（＆アナザーカラー）,ブライトパンツ,タイトスキニー,normal,img/bt02.png
221,パンツ＆アクセサリーコレクション（＆アナザーカラー）,ブライトパンツ,タイトスキニー,normal,img/bt03.png
222,パンツ＆アクセサリーコレクション（＆アナザーカラー）,ブライトパンツ,タイトスキニー,normal,img/bt04.png
223,パンツ＆アクセサリーコレクション（＆アナザーカラー）,ブライトパンツ,ハーフパンツ,normal,img/bh01.png
224,パンツ＆アクセサリーコレクション（＆アナザーカラー）,ブライトパンツ,ハーフパンツ,normal,img/bh02.png
225,パンツ＆アクセサリーコレクション（＆アナザーカラー）,ブライトパンツ,ハーフパンツ,normal,img/bh03.png
226,パンツ＆アクセサリーコレクション（＆アナザーカラー）,ブライトパンツ,ハーフパンツ,normal,img/bh04.png
227,パンツ＆アクセサリーコレクション（＆アナザーカラー）,ブライトパンツ,ハーフパンツ（タイツ）,normal,img/bht01.png
228,パンツ＆アクセサリーコレクション（＆アナザーカラー）,ブライトパンツ,ハーフパンツ（タイツ）,normal,img/bht02.png
229,パンツ＆アクセサリーコレクション（＆アナザーカラー）,ブライトパンツ,ハーフパンツ（タイツ）,normal,img/bht03.png
230,パンツ＆アクセサリーコレクション（＆アナザーカラー）,ブライトパンツ,ハーフパンツ（タイツ）,normal,img/bht04.png
231,パンツ＆アクセサリーコレクション（＆アナザーカラー）,ブライトシューズ,ローファー,normal,img/br01.png
232,パンツ＆アクセサリーコレクション（＆アナザーカラー）,ブライトシューズ,ローファー,normal,img/br02.png
233,パンツ＆アクセサリーコレクション（＆アナザーカラー）,ブライトシューズ,ローファー,normal,img/br03.png
234,パンツ＆アクセサリーコレクション（＆アナザーカラー）,ブライトシューズ,ミドルブーツ,normal,img/bbm01.png
235,パンツ＆アクセサリーコレクション（＆アナザーカラー）,ブライトシューズ,ミドルブーツ,normal,img/bbm02.png
236,パンツ＆アクセサリーコレクション（＆アナザーカラー）,ブライトシューズ,ミドルブーツ,normal,img/bbm03.png
237,パンツ＆アクセサリーコレクション（＆アナザーカラー）,ブライトシューズ,ロングブーツ,normal,img/bbr01.png
238,パンツ＆アクセサリーコレクション（＆アナザーカラー）,ブライトシューズ,ロングブーツ,normal,img/bbr02.png
239,パンツ＆アクセサリーコレクション（＆アナザーカラー）,ブライトシューズ,ロングブーツ,normal,img/bbr03.png
240,パンツ＆アクセサリーコレクション（＆アナザーカラー）,ブライトマント,ブライトマント,normal,img/bm01.png
241,パンツ＆アクセサリーコレクション（＆アナザーカラー）,ブライトマント,ブライトマント,normal,img/bm02.png
242,パンツ＆アクセサリーコレクション（＆アナザーカラー）,ブライトマント,ブライトマント,normal,img/bm03.png
243,パンツ＆アクセサリーコレクション（＆アナザーカラー）,ブライトマント,ブライトマント,normal,img/bm04.png
244,パンツ＆アクセサリーコレクション（＆アナザーカラー）,ブライトマント,ブライトマント,normal,img/bm05.png
245,パンツ＆アクセサリーコレクション（＆アナザーカラー）,グローブ,グローブ,normal,img/bg01.png
246,パンツ＆アクセサリーコレクション（＆アナザーカラー）,グローブ,グローブ,normal,img/bg02.png
247,パンツ＆アクセサリーコレクション（＆アナザーカラー）,グローブ,グローブ,normal,img/bg03.png
248,パンツ＆アクセサリーコレクション（＆アナザーカラー）,グローブ,グローブ,normal,img/bg04.png
249,パンツ＆アクセサリーコレクション（＆アナザーカラー）,ブライトバングル,ブライトバングル,normal,img/bb01.png
250,パンツ＆アクセサリーコレクション（＆アナザーカラー）,ブライトバングル,ブライトバングル,normal,img/bb02.png
251,パンツ＆アクセサリーコレクション（＆アナザーカラー）,ブライトバングル,ブライトバングル,normal,img/bb03.png
252,パンツ＆アクセサリーコレクション（＆アナザーカラー）,ブライトバングル,ブライトバングル,normal,img/bb04.png
253,パンツ＆アクセサリーコレクション（＆アナザーカラー）,バッジ,フォーマルスター,normal,img/fst01.png
254,パンツ＆アクセサリーコレクション（＆アナザーカラー）,バッジ,プリンススター,normal,img/pst01.png
255,パンツ＆アクセサリーコレクション（＆アナザーカラー）,バッジ,カジュアルスター,normal,img/cst01.png
256,パンツ＆アクセサリーコレクション（＆アナザーカラー）,バッジ,スポーティスター,normal,img/sst01.png
257,フォーマルシリーズパーツコレクション（＆アナザーカラー）,フォーマルカラー,フォーマルカラー,another,img/fc_a01.png
258,フォーマルシリーズパーツコレクション（＆アナザーカラー）,フォーマルカラー,フォーマルカラー,another,img/fc_a02.png
259,フォーマルシリーズパーツコレクション（＆アナザーカラー）,フォーマルカラー,フォーマルカラー,another,img/fc_a03.png
260,フォーマルシリーズパーツコレクション（＆アナザーカラー）,フォーマルカラー,フォーマルカラー,another,img/fc_a04.png
261,フォーマルシリーズパーツコレクション（＆アナザーカラー）,フォーマルボディ,フォーマルボディ,another,img/fb_a01.png
262,フォーマルシリーズパーツコレクション（＆アナザーカラー）,フォーマルボディ,フォーマルボディ,another,img/fb_a02.png
263,フォーマルシリーズパーツコレクション（＆アナザーカラー）,フォーマルボディ,フォーマルボディ,another,img/fb_a03.png
264,フォーマルシリーズパーツコレクション（＆アナザーカラー）,フォーマルボディ,フォーマルボディ,another,img/fb_a04.png
265,フォーマルシリーズパーツコレクション（＆アナザーカラー）,フォーマルテイル,ロング,another,img/ftl_a01.png
266,フォーマルシリーズパーツコレクション（＆アナザーカラー）,フォーマルテイル,ロング,another,img/ftl_a02.png
267,フォーマルシリーズパーツコレクション（＆アナザーカラー）,フォーマルテイル,ロング,another,img/ftl_a03.png
268,フォーマルシリーズパーツコレクション（＆アナザーカラー）,フォーマルテイル,ロング,another,img/ftl_a04.png
269,フォーマルシリーズパーツコレクション（＆アナザーカラー）,フォーマルテイル,ミドル,another,img/ftm_a01.png
270,フォーマルシリーズパーツコレクション（＆アナザーカラー）,フォーマルテイル,ミドル,another,img/ftm_a02.png
271,フォーマルシリーズパーツコレクション（＆アナザーカラー）,フォーマルテイル,ミドル,another,img/ftm_a03.png
272,フォーマルシリーズパーツコレクション（＆アナザーカラー）,フォーマルテイル,ミドル,another,img/ftm_a04.png
273,フォーマルシリーズパーツコレクション（＆アナザーカラー）,フォーマルベスト,フォーマルベスト,another,img/fv_a01.png
274,フォーマルシリーズパーツコレクション（＆アナザーカラー）,フォーマルベスト,フォーマルベスト,another,img/fv_a02.png
275,フォーマルシリーズパーツコレクション（＆アナザーカラー）,フォーマルベスト,フォーマルベスト,another,img/fv_a03.png
276,フォーマルシリーズパーツコレクション（＆アナザーカラー）,フォーマルベスト,フォーマルベスト,another,img/fv_a04.png
277,フォーマルシリーズパーツコレクション（＆アナザーカラー）,フォーマルインナー,シャツ,another,img/fis_a01.png
278,フォーマルシリーズパーツコレクション（＆アナザーカラー）,フォーマルインナー,シャツ,another,img/fis_a02.png
279,フォーマルシリーズパーツコレクション（＆アナザーカラー）,フォーマルインナー,シャツ,another,img/fis_a03.png
280,フォーマルシリーズパーツコレクション（＆アナザーカラー）,フォーマルインナー,シャツ,another,img/fis_a04.png
281,フォーマルシリーズパーツコレクション（＆アナザーカラー）,フォーマルインナー,ハイネック,another,img/fih_a01.png
282,フォーマルシリーズパーツコレクション（＆アナザーカラー）,フォーマルインナー,ハイネック,another,img/fih_a02.png
283,フォーマルシリーズパーツコレクション（＆アナザーカラー）,フォーマルインナー,ハイネック,another,img/fih_a03.png
284,フォーマルシリーズパーツコレクション（＆アナザーカラー）,フォーマルインナー,ハイネック,another,img/fih_a04.png
285,フォーマルシリーズパーツコレクション（＆アナザーカラー）,フォーマルインナー,レースアップ,another,img/fir_a01.png
286,フォーマルシリーズパーツコレクション（＆アナザーカラー）,フォーマルインナー,レースアップ,another,img/fir_a02.png
287,フォーマルシリーズパーツコレクション（＆アナザーカラー）,フォーマルインナー,レースアップ,another,img/fir_a03.png
288,フォーマルシリーズパーツコレクション（＆アナザーカラー）,フォーマルインナー,レースアップ,another,img/fir_a04.png
289,フォーマルシリーズパーツコレクション（＆アナザーカラー）,フォーマルネクタイ,ノーマル,another,img/fnno_a01.png
290,フォーマルシリーズパーツコレクション（＆アナザーカラー）,フォーマルネクタイ,ノーマル,another,img/fnno_a02.png
291,フォーマルシリーズパーツコレクション（＆アナザーカラー）,フォーマルネクタイ,ノーマル,another,img/fnno_a03.png
292,フォーマルシリーズパーツコレクション（＆アナザーカラー）,フォーマルネクタイ,ノーマル,another,img/fnno_a04.png
293,フォーマルシリーズパーツコレクション（＆アナザーカラー）,フォーマルネクタイ,ループタイ,another,img/fnlo_a01.png
294,フォーマルシリーズパーツコレクション（＆アナザーカラー）,フォーマルネクタイ,ループタイ,another,img/fnlo_a02.png
295,フォーマルシリーズパーツコレクション（＆アナザーカラー）,フォーマルネクタイ,ループタイ,another,img/fnlo_a03.png
296,フォーマルシリーズパーツコレクション（＆アナザーカラー）,フォーマルネクタイ,ループタイ,another,img/fnlo_a04.png
297,フォーマルシリーズパーツコレクション（＆アナザーカラー）,フォーマルネクタイ,クロスタイ,another,img/fnxx_a01.png
298,フォーマルシリーズパーツコレクション（＆アナザーカラー）,フォーマルネクタイ,クロスタイ,another,img/fnxx_a02.png
299,フォーマルシリーズパーツコレクション（＆アナザーカラー）,フォーマルネクタイ,クロスタイ,another,img/fnxx_a03.png
300,フォーマルシリーズパーツコレクション（＆アナザーカラー）,フォーマルネクタイ,クロスタイ,another,img/fnxx_a04.png
301,フォーマルシリーズパーツコレクション（＆アナザーカラー）,フォーマルネクタイ,レイヤードタイ,another,img/fnre_a01.png
302,フォーマルシリーズパーツコレクション（＆アナザーカラー）,フォーマルネクタイ,レイヤードタイ,another,img/fnre_a02.png
303,フォーマルシリーズパーツコレクション（＆アナザーカラー）,フォーマルネクタイ,レイヤードタイ,another,img/fnre_a03.png
304,フォーマルシリーズパーツコレクション（＆アナザーカラー）,フォーマルネクタイ,レイヤードタイ,another,img/fnre_a04.png
305,フォーマルシリーズパーツコレクション（＆アナザーカラー）,フォーマルネクタイ,クロスリボン,another,img/fnxr_a01.png
306,フォーマルシリーズパーツコレクション（＆アナザーカラー）,フォーマルネクタイ,クロスリボン,another,img/fnxr_a02.png
307,フォーマルシリーズパーツコレクション（＆アナザーカラー）,フォーマルネクタイ,クロスリボン,another,img/fnxr_a03.png
308,フォーマルシリーズパーツコレクション（＆アナザーカラー）,フォーマルネクタイ,クロスリボン,another,img/fnxr_a04.png
309,フォーマルシリーズパーツコレクション（＆アナザーカラー）,フォーマルネクタイ,ネックレス,another,img/fnne_a01.png
310,フォーマルシリーズパーツコレクション（＆アナザーカラー）,フォーマルネクタイ,ネックレス,another,img/fnne_a02.png
311,フォーマルシリーズパーツコレクション（＆アナザーカラー）,フォーマルネクタイ,ネックレス,another,img/fnne_a03.png
312,フォーマルシリーズパーツコレクション（＆アナザーカラー）,フォーマルネクタイ,ネックレス,another,img/fnne_a04.png
313,プリンスシリーズパーツコレクション（＆アナザーカラー）,プリンスカラー,フェザー,another,img/pf_a01.png
314,プリンスシリーズパーツコレクション（＆アナザーカラー）,プリンスカラー,フェザー,another,img/pf_a02.png
315,プリンスシリーズパーツコレクション（＆アナザーカラー）,プリンスカラー,フェザー,another,img/pf_a03.png
316,プリンスシリーズパーツコレクション（＆アナザーカラー）,プリンスカラー,フェザー,another,img/pf_a04.png
317,プリンスシリーズパーツコレクション（＆アナザーカラー）,プリンスカラー,ダブルスクエア,another,img/ps_a01.png
318,プリンスシリーズパーツコレクション（＆アナザーカラー）,プリンスカラー,ダブルスクエア,another,img/ps_a02.png
319,プリンスシリーズパーツコレクション（＆アナザーカラー）,プリンスカラー,ダブルスクエア,another,img/ps_a03.png
320,プリンスシリーズパーツコレクション（＆アナザーカラー）,プリンスカラー,ダブルスクエア,another,img/ps_a04.png
321,プリンスシリーズパーツコレクション（＆アナザーカラー）,プリンスカラー,ダブルカラー,another,img/pd_a01.png
322,プリンスシリーズパーツコレクション（＆アナザーカラー）,プリンスカラー,ダブルカラー,another,img/pd_a02.png
323,プリンスシリーズパーツコレクション（＆アナザーカラー）,プリンスカラー,ダブルカラー,another,img/pd_a03.png
324,プリンスシリーズパーツコレクション（＆アナザーカラー）,プリンスカラー,ダブルカラー,another,img/pd_a04.png
325,プリンスシリーズパーツコレクション（＆アナザーカラー）,プリンスボディ,プリンスボディ,another,img/pb_a01.png
326,プリンスシリーズパーツコレクション（＆アナザーカラー）,プリンスボディ,プリンスボディ,another,img/pb_a02.png
327,プリンスシリーズパーツコレクション（＆アナザーカラー）,プリンスボディ,プリンスボディ,another,img/pb_a03.png
328,プリンスシリーズパーツコレクション（＆アナザーカラー）,プリンスボディ,プリンスボディ,another,img/pb_a04.png
329,プリンスシリーズパーツコレクション（＆アナザーカラー）,プリンステイル,ラウンド,another,img/ptr_a01.png
330,プリンスシリーズパーツコレクション（＆アナザーカラー）,プリンステイル,ラウンド,another,img/ptr_a02.png
331,プリンスシリーズパーツコレクション（＆アナザーカラー）,プリンステイル,ラウンド,another,img/ptr_a03.png
332,プリンスシリーズパーツコレクション（＆アナザーカラー）,プリンステイル,ラウンド,another,img/ptr_a04.png
333,プリンスシリーズパーツコレクション（＆アナザーカラー）,プリンステイル,クラブ,another,img/ptq_a01.png
334,プリンスシリーズパーツコレクション（＆アナザーカラー）,プリンステイル,クラブ,another,img/ptq_a02.png
335,プリンスシリーズパーツコレクション（＆アナザーカラー）,プリンステイル,クラブ,another,img/ptq_a03.png
336,プリンスシリーズパーツコレクション（＆アナザーカラー）,プリンステイル,クラブ,another,img/ptq_a04.png
337,プリンスシリーズパーツコレクション（＆アナザーカラー）,プリンステイル,エレガント,another,img/pte_a01.png
338,プリンスシリーズパーツコレクション（＆アナザーカラー）,プリンステイル,エレガント,another,img/pte_a02.png
339,プリンスシリーズパーツコレクション（＆アナザーカラー）,プリンステイル,エレガント,another,img/pte_a03.png
340,プリンスシリーズパーツコレクション（＆アナザーカラー）,プリンステイル,エレガント,another,img/pte_a04.png
341,プリンスシリーズパーツコレクション（＆アナザーカラー）,プリンススカーフ,フレア,another,img/psf_a01.png
342,プリンスシリーズパーツコレクション（＆アナザーカラー）,プリンススカーフ,フレア,another,img/psf_a02.png
343,プリンスシリーズパーツコレクション（＆アナザーカラー）,プリンススカーフ,フレア,another,img/psf_a03.png
344,プリンスシリーズパーツコレクション（＆アナザーカラー）,プリンススカーフ,フレア,another,img/psf_a04.png
345,プリンスシリーズパーツコレクション（＆アナザーカラー）,プリンススカーフ,フォールド,another,img/psl_a01.png
346,プリンスシリーズパーツコレクション（＆アナザーカラー）,プリンススカーフ,フォールド,another,img/psl_a02.png
347,プリンスシリーズパーツコレクション（＆アナザーカラー）,プリンススカーフ,フォールド,another,img/psl_a03.png
348,プリンスシリーズパーツコレクション（＆アナザーカラー）,プリンススカーフ,フォールド,another,img/psl_a04.png
349,プリンスシリーズパーツコレクション（＆アナザーカラー）,プリンススカーフ,ドレープ,another,img/psd_a01.png
350,プリンスシリーズパーツコレクション（＆アナザーカラー）,プリンススカーフ,ドレープ,another,img/psd_a02.png
351,プリンスシリーズパーツコレクション（＆アナザーカラー）,プリンススカーフ,ドレープ,another,img/psd_a03.png
352,プリンスシリーズパーツコレクション（＆アナザーカラー）,プリンススカーフ,ドレープ,another,img/psd_a04.png
353,プリンスシリーズパーツコレクション（＆アナザーカラー）,プリンススカーフ,リボン,another,img/psr_a01.png
354,プリンスシリーズパーツコレクション（＆アナザーカラー）,プリンススカーフ,リボン,another,img/psr_a02.png
355,プリンスシリーズパーツコレクション（＆アナザーカラー）,プリンススカーフ,リボン,another,img/psr_a03.png
356,プリンスシリーズパーツコレクション（＆アナザーカラー）,プリンススカーフ,リボン,another,img/psr_a04.png
357,プリンスシリーズパーツコレクション（＆アナザーカラー）,プリンススカーフ,ワンサイドリボン,another,img/pso_a01.png
358,プリンスシリーズパーツコレクション（＆アナザーカラー）,プリンススカーフ,ワンサイドリボン,another,img/pso_a02.png
359,プリンスシリーズパーツコレクション（＆アナザーカラー）,プリンススカーフ,ワンサイドリボン,another,img/pso_a03.png
360,プリンスシリーズパーツコレクション（＆アナザーカラー）,プリンススカーフ,ワンサイドリボン,another,img/pso_a04.png
361,カジュアルシリーズパーツコレクション（＆アナザーカラー）,カジュアルボディ,カジュアルボディ,another,img/cb_a01.png
362,カジュアルシリーズパーツコレクション（＆アナザーカラー）,カジュアルボディ,カジュアルボディ,another,img/cb_a02.png
363,カジュアルシリーズパーツコレクション（＆アナザーカラー）,カジュアルボディ,カジュアルボディ,another,img/cb_a03.png
364,カジュアルシリーズパーツコレクション（＆アナザーカラー）,カジュアルボディ,カジュアルボディ,another,img/cb_a04.png
365,カジュアルシリーズパーツコレクション（＆アナザーカラー）,カジュアルインナー,オープンカラー,another,img/cio_a01.png
366,カジュアルシリーズパーツコレクション（＆アナザーカラー）,カジュアルインナー,オープンカラー,another,img/cio_a02.png
367,カジュアルシリーズパーツコレクション（＆アナザーカラー）,カジュアルインナー,オープンカラー,another,img/cio_a03.png
368,カジュアルシリーズパーツコレクション（＆アナザーカラー）,カジュアルインナー,オープンカラー,another,img/cio_a04.png
369,カジュアルシリーズパーツコレクション（＆アナザーカラー）,カジュアルインナー,ダイヤ,another,img/cid_a01.png
370,カジュアルシリーズパーツコレクション（＆アナザーカラー）,カジュアルインナー,ダイヤ,another,img/cid_a02.png
371,カジュアルシリーズパーツコレクション（＆アナザーカラー）,カジュアルインナー,ダイヤ,another,img/cid_a03.png
372,カジュアルシリーズパーツコレクション（＆アナザーカラー）,カジュアルインナー,ダイヤ,another,img/cid_a04.png
373,カジュアルシリーズパーツコレクション（＆アナザーカラー）,カジュアルインナー,ジッパー,another,img/cig_a01.png
374,カジュアルシリーズパーツコレクション（＆アナザーカラー）,カジュアルインナー,ジッパー,another,img/cig_a02.png
375,カジュアルシリーズパーツコレクション（＆アナザーカラー）,カジュアルインナー,ジッパー,another,img/cig_a03.png
376,カジュアルシリーズパーツコレクション（＆アナザーカラー）,カジュアルインナー,ジッパー,another,img/cig_a04.png
377,カジュアルシリーズパーツコレクション（＆アナザーカラー）,カジュアルインナー,ラウンド,another,img/cir_a01.png
378,カジュアルシリーズパーツコレクション（＆アナザーカラー）,カジュアルインナー,ラウンド,another,img/cir_a02.png
379,カジュアルシリーズパーツコレクション（＆アナザーカラー）,カジュアルインナー,ラウンド,another,img/cir_a03.png
380,カジュアルシリーズパーツコレクション（＆アナザーカラー）,カジュアルインナー,ラウンド,another,img/cir_a04.png
381,スポーティシリーズパーツコレクション（＆アナザーカラー）,スポーティボディ,スポーティボディ,another,img/sb_a01.png
382,スポーティシリーズパーツコレクション（＆アナザーカラー）,スポーティボディ,スポーティボディ,another,img/sb_a02.png
383,スポーティシリーズパーツコレクション（＆アナザーカラー）,スポーティボディ,スポーティボディ,another,img/sb_a03.png
384,スポーティシリーズパーツコレクション（＆アナザーカラー）,スポーティボディ,スポーティボディ,another,img/sb_a04.png
385,スポーティシリーズパーツコレクション（＆アナザーカラー）,スポーティインナー,スポーティインナー,another,img/si_a01.png
386,スポーティシリーズパーツコレクション（＆アナザーカラー）,スポーティインナー,スポーティインナー,another,img/si_a02.png
387,スポーティシリーズパーツコレクション（＆アナザーカラー）,スポーティインナー,スポーティインナー,another,img/si_a03.png
388,スポーティシリーズパーツコレクション（＆アナザーカラー）,スポーティインナー,スポーティインナー,another,img/si_a04.png
389,スポーティシリーズパーツコレクション（＆アナザーカラー）,スポーティスリーブ,ノーマル,another,img/ssn_a01.png
390,スポーティシリーズパーツコレクション（＆アナザーカラー）,スポーティスリーブ,ノーマル,another,img/ssn_a02.png
391,スポーティシリーズパーツコレクション（＆アナザーカラー）,スポーティスリーブ,ノーマル,another,img/ssn_a03.png
392,スポーティシリーズパーツコレクション（＆アナザーカラー）,スポーティスリーブ,ノーマル,another,img/ssn_a04.png
393,スポーティシリーズパーツコレクション（＆アナザーカラー）,スポーティスリーブ,ワイドレイヤー,another,img/ssw_a01.png
394,スポーティシリーズパーツコレクション（＆アナザーカラー）,スポーティスリーブ,ワイドレイヤー,another,img/ssw_a02.png
395,スポーティシリーズパーツコレクション（＆アナザーカラー）,スポーティスリーブ,ワイドレイヤー,another,img/ssw_a03.png
396,スポーティシリーズパーツコレクション（＆アナザーカラー）,スポーティスリーブ,ワイドレイヤー,another,img/ssw_a04.png
397,スポーティシリーズパーツコレクション（＆アナザーカラー）,スポーティスリーブ,ハーフ,another,img/ssh_a01.png
398,スポーティシリーズパーツコレクション（＆アナザーカラー）,スポーティスリーブ,ハーフ,another,img/ssh_a02.png
399,スポーティシリーズパーツコレクション（＆アナザーカラー）,スポーティスリーブ,ハーフ,another,img/ssh_a03.png
400,スポーティシリーズパーツコレクション（＆アナザーカラー）,スポーティスリーブ,ハーフ,another,img/ssh_a04.png
401,スポーティシリーズパーツコレクション（＆アナザーカラー）,スポーティスリーブ,ワンサイド,another,img/sso_a01.png
402,スポーティシリーズパーツコレクション（＆アナザーカラー）,スポーティスリーブ,ワンサイド,another,img/sso_a02.png
403,スポーティシリーズパーツコレクション（＆アナザーカラー）,スポーティスリーブ,ワンサイド,another,img/sso_a03.png
404,スポーティシリーズパーツコレクション（＆アナザーカラー）,スポーティスリーブ,ワンサイド,another,img/sso_a04.png
405,スポーティシリーズパーツコレクション（＆アナザーカラー）,スポーティストラップ,ストレート,another,img/sss_a01.png
406,スポーティシリーズパーツコレクション（＆アナザーカラー）,スポーティストラップ,ストレート,another,img/sss_a02.png
407,スポーティシリーズパーツコレクション（＆アナザーカラー）,スポーティストラップ,ストレート,another,img/sss_a03.png
408,スポーティシリーズパーツコレクション（＆アナザーカラー）,スポーティストラップ,ストレート,another,img/sss_a04.png
409,スポーティシリーズパーツコレクション（＆アナザーカラー）,スポーティストラップ,チェーン,another,img/ssc_a01.png
410,スポーティシリーズパーツコレクション（＆アナザーカラー）,スポーティストラップ,チェーン,another,img/ssc_a02.png
411,スポーティシリーズパーツコレクション（＆アナザーカラー）,スポーティストラップ,チェーン,another,img/ssc_a03.png
412,スポーティシリーズパーツコレクション（＆アナザーカラー）,スポーティストラップ,チェーン,another,img/ssc_a04.png
413,スポーティシリーズパーツコレクション（＆アナザーカラー）,スポーティストラップ,リボン,another,img/ssr_a01.png
414,スポーティシリーズパーツコレクション（＆アナザーカラー）,スポーティストラップ,リボン,another,img/ssr_a02.png
415,スポーティシリーズパーツコレクション（＆アナザーカラー）,スポーティストラップ,リボン,another,img/ssr_a03.png
416,スポーティシリーズパーツコレクション（＆アナザーカラー）,スポーティストラップ,リボン,another,img/ssr_a04.png
417,スポーティシリーズパーツコレクション（＆アナザーカラー）,スポーティストラップ,ギャザー,another,img/ssg_a01.png
418,スポーティシリーズパーツコレクション（＆アナザーカラー）,スポーティストラップ,ギャザー,another,img/ssg_a02.png
419,スポーティシリーズパーツコレクション（＆アナザーカラー）,スポーティストラップ,ギャザー,another,img/ssg_a03.png
420,スポーティシリーズパーツコレクション（＆アナザーカラー）,スポーティストラップ,ギャザー,another,img/ssg_a04.png
421,スリーブパーツコレクション（＆アナザーカラー）,ブライトスリーブ,ノーマル,another,img/bsno_a01.png
422,スリーブパーツコレクション（＆アナザーカラー）,ブライトスリーブ,ノーマル,another,img/bsno_a02.png
423,スリーブパーツコレクション（＆アナザーカラー）,ブライトスリーブ,ノーマル,another,img/bsno_a03.png
424,スリーブパーツコレクション（＆アナザーカラー）,ブライトスリーブ,ノーマル,another,img/bsno_a04.png
425,スリーブパーツコレクション（＆アナザーカラー）,ブライトスリーブ,フレア,another,img/bsfl_a01.png
426,スリーブパーツコレクション（＆アナザーカラー）,ブライトスリーブ,フレア,another,img/bsfl_a02.png
427,スリーブパーツコレクション（＆アナザーカラー）,ブライトスリーブ,フレア,another,img/bsfl_a03.png
428,スリーブパーツコレクション（＆アナザーカラー）,ブライトスリーブ,フレア,another,img/bsfl_a04.png
429,スリーブパーツコレクション（＆アナザーカラー）,ブライトスリーブ,ハーフ,another,img/bsha_a01.png
430,スリーブパーツコレクション（＆アナザーカラー）,ブライトスリーブ,ハーフ,another,img/bsha_a02.png
431,スリーブパーツコレクション（＆アナザーカラー）,ブライトスリーブ,ハーフ,another,img/bsha_a03.png
432,スリーブパーツコレクション（＆アナザーカラー）,ブライトスリーブ,ハーフ,another,img/bsha_a04.png
433,スリーブパーツコレクション（＆アナザーカラー）,ブライトスリーブ,ワイド,another,img/bswa_a01.png
434,スリーブパーツコレクション（＆アナザーカラー）,ブライトスリーブ,ワイド,another,img/bswa_a02.png
435,スリーブパーツコレクション（＆アナザーカラー）,ブライトスリーブ,ワイド,another,img/bswa_a03.png
436,スリーブパーツコレクション（＆アナザーカラー）,ブライトスリーブ,ワイド,another,img/bswa_a04.png
437,スリーブパーツコレクション（＆アナザーカラー）,ブライトスリーブ,ドレープ,another,img/bsdo_a01.png
438,スリーブパーツコレクション（＆アナザーカラー）,ブライトスリーブ,ドレープ,another,img/bsdo_a02.png
439,スリーブパーツコレクション（＆アナザーカラー）,ブライトスリーブ,ドレープ,another,img/bsdo_a03.png
440,スリーブパーツコレクション（＆アナザーカラー）,ブライトスリーブ,ドレープ,another,img/bsdo_a04.png
441,スリーブパーツコレクション（＆アナザーカラー）,ブライトスリーブ,ワイドフレア,another,img/bswf_a01.png
442,スリーブパーツコレクション（＆アナザーカラー）,ブライトスリーブ,ワイドフレア,another,img/bswf_a02.png
443,スリーブパーツコレクション（＆アナザーカラー）,ブライトスリーブ,ワイドフレア,another,img/bswf_a03.png
444,スリーブパーツコレクション（＆アナザーカラー）,ブライトスリーブ,ワイドフレア,another,img/bswf_a04.png
445,スリーブパーツコレクション（＆アナザーカラー）,ブライトスリーブ,レイヤード,another,img/bsre_a01.png
446,スリーブパーツコレクション（＆アナザーカラー）,ブライトスリーブ,レイヤード,another,img/bsre_a02.png
447,スリーブパーツコレクション（＆アナザーカラー）,ブライトスリーブ,レイヤード,another,img/bsre_a03.png
448,スリーブパーツコレクション（＆アナザーカラー）,ブライトスリーブ,レイヤード,another,img/bsre_a04.png
449,スリーブパーツコレクション（＆アナザーカラー）,ブライトスリーブ,フリル,another,img/bsfr_a01.png
450,スリーブパーツコレクション（＆アナザーカラー）,ブライトスリーブ,フリル,another,img/bsfr_a02.png
451,スリーブパーツコレクション（＆アナザーカラー）,ブライトスリーブ,フリル,another,img/bsfr_a03.png
452,スリーブパーツコレクション（＆アナザーカラー）,ブライトスリーブ,フリル,another,img/bsfr_a04.png
453,スリーブパーツコレクション（＆アナザーカラー）,ブライトスリーブ,アクティブ,another,img/bsac_a01.png
454,スリーブパーツコレクション（＆アナザーカラー）,ブライトスリーブ,アクティブ,another,img/bsac_a02.png
455,スリーブパーツコレクション（＆アナザーカラー）,ブライトスリーブ,アクティブ,another,img/bsac_a03.png
456,スリーブパーツコレクション（＆アナザーカラー）,ブライトスリーブ,アクティブ,another,img/bsac_a04.png
457,パンツ＆アクセサリーコレクション（＆アナザーカラー）,ブライトパンツ,スラックス,another,img/bs_a01.png
458,パンツ＆アクセサリーコレクション（＆アナザーカラー）,ブライトパンツ,スラックス,another,img/bs_a02.png
459,パンツ＆アクセサリーコレクション（＆アナザーカラー）,ブライトパンツ,スラックス,another,img/bs_a03.png
460,パンツ＆アクセサリーコレクション（＆アナザーカラー）,ブライトパンツ,スラックス,another,img/bs_a04.png
461,パンツ＆アクセサリーコレクション（＆アナザーカラー）,ブライトパンツ,ワイドパンツ,another,img/bw_a01.png
462,パンツ＆アクセサリーコレクション（＆アナザーカラー）,ブライトパンツ,ワイドパンツ,another,img/bw_a02.png
463,パンツ＆アクセサリーコレクション（＆アナザーカラー）,ブライトパンツ,ワイドパンツ,another,img/bw_a03.png
464,パンツ＆アクセサリーコレクション（＆アナザーカラー）,ブライトパンツ,ワイドパンツ,another,img/bw_a04.png
465,パンツ＆アクセサリーコレクション（＆アナザーカラー）,ブライトパンツ,タイトスキニー,another,img/bt_a01.png
466,パンツ＆アクセサリーコレクション（＆アナザーカラー）,ブライトパンツ,タイトスキニー,another,img/bt_a02.png
467,パンツ＆アクセサリーコレクション（＆アナザーカラー）,ブライトパンツ,タイトスキニー,another,img/bt_a03.png
468,パンツ＆アクセサリーコレクション（＆アナザーカラー）,ブライトパンツ,タイトスキニー,another,img/bt_a04.png
469,パンツ＆アクセサリーコレクション（＆アナザーカラー）,ブライトパンツ,ハーフパンツ,another,img/bh_a01.png
470,パンツ＆アクセサリーコレクション（＆アナザーカラー）,ブライトパンツ,ハーフパンツ,another,img/bh_a02.png
471,パンツ＆アクセサリーコレクション（＆アナザーカラー）,ブライトパンツ,ハーフパンツ,another,img/bh_a03.png
472,パンツ＆アクセサリーコレクション（＆アナザーカラー）,ブライトパンツ,ハーフパンツ,another,img/bh_a04.png
473,パンツ＆アクセサリーコレクション（＆アナザーカラー）,ブライトパンツ,ハーフパンツ（タイツ）,another,img/bht_a01.png
474,パンツ＆アクセサリーコレクション（＆アナザーカラー）,ブライトパンツ,ハーフパンツ（タイツ）,another,img/bht_a02.png
475,パンツ＆アクセサリーコレクション（＆アナザーカラー）,ブライトパンツ,ハーフパンツ（タイツ）,another,img/bht_a03.png
476,パンツ＆アクセサリーコレクション（＆アナザーカラー）,ブライトパンツ,ハーフパンツ（タイツ）,another,img/bht_a04.png
477,パンツ＆アクセサリーコレクション（＆アナザーカラー）,ブライトシューズ,ローファー,another,img/br_a01.png
478,パンツ＆アクセサリーコレクション（＆アナザーカラー）,ブライトシューズ,ローファー,another,img/br_a02.png
479,パンツ＆アクセサリーコレクション（＆アナザーカラー）,ブライトシューズ,ローファー,another,img/br_a03.png
480,パンツ＆アクセサリーコレクション（＆アナザーカラー）,ブライトシューズ,ローファー,another,img/br_a04.png
481,パンツ＆アクセサリーコレクション（＆アナザーカラー）,ブライトシューズ,ミドルブーツ,another,img/bbm_a01.png
482,パンツ＆アクセサリーコレクション（＆アナザーカラー）,ブライトシューズ,ミドルブーツ,another,img/bbm_a02.png
483,パンツ＆アクセサリーコレクション（＆アナザーカラー）,ブライトシューズ,ミドルブーツ,another,img/bbm_a03.png
484,パンツ＆アクセサリーコレクション（＆アナザーカラー）,ブライトシューズ,ミドルブーツ,another,img/bbm_a04.png
485,パンツ＆アクセサリーコレクション（＆アナザーカラー）,ブライトシューズ,ロングブーツ,another,img/bbr_a01.png
486,パンツ＆アクセサリーコレクション（＆アナザーカラー）,ブライトシューズ,ロングブーツ,another,img/bbr_a02.png
487,パンツ＆アクセサリーコレクション（＆アナザーカラー）,ブライトシューズ,ロングブーツ,another,img/bbr_a03.png
488,パンツ＆アクセサリーコレクション（＆アナザーカラー）,ブライトシューズ,ロングブーツ,another,img/bbr_a04.png
489,パンツ＆アクセサリーコレクション（＆アナザーカラー）,ブライトマント,ブライトマント,another,img/bm_a01.png
490,パンツ＆アクセサリーコレクション（＆アナザーカラー）,ブライトマント,ブライトマント,another,img/bm_a02.png
491,パンツ＆アクセサリーコレクション（＆アナザーカラー）,ブライトマント,ブライトマント,another,img/bm_a03.png
492,パンツ＆アクセサリーコレクション（＆アナザーカラー）,ブライトマント,ブライトマント,another,img/bm_a04.png
493,パンツ＆アクセサリーコレクション（＆アナザーカラー）,グローブ,グローブ,another,img/bg_a01.png
494,パンツ＆アクセサリーコレクション（＆アナザーカラー）,グローブ,グローブ,another,img/bg_a02.png
495,パンツ＆アクセサリーコレクション（＆アナザーカラー）,グローブ,グローブ,another,img/bg_a03.png
496,パンツ＆アクセサリーコレクション（＆アナザーカラー）,グローブ,グローブ,another,img/bg_a04.png
497,パンツ＆アクセサリーコレクション（＆アナザーカラー）,ブライトバングル,ブライトバングル,another,img/bb_a01.png
498,パンツ＆アクセサリーコレクション（＆アナザーカラー）,ブライトバングル,ブライトバングル,another,img/bb_a02.png
499,パンツ＆アクセサリーコレクション（＆アナザーカラー）,ブライトバングル,ブライトバングル,another,img/bb_a03.png
500,パンツ＆アクセサリーコレクション（＆アナザーカラー）,ブライトバングル,ブライトバングル,another,img/bb_a04.png
501,パンツ＆アクセサリーコレクション（＆アナザーカラー）,バッジ,フォーマルスター,another,img/fst_a01.png
502,パンツ＆アクセサリーコレクション（＆アナザーカラー）,バッジ,フォーマルスター,another,img/fst_a02.png
503,パンツ＆アクセサリーコレクション（＆アナザーカラー）,バッジ,フォーマルスター,another,img/fst_a03.png
504,パンツ＆アクセサリーコレクション（＆アナザーカラー）,バッジ,フォーマルスター,another,img/fst_a04.png
505,パンツ＆アクセサリーコレクション（＆アナザーカラー）,バッジ,プリンススター,another,img/pst_a01.png
506,パンツ＆アクセサリーコレクション（＆アナザーカラー）,バッジ,プリンススター,another,img/pst_a02.png
507,パンツ＆アクセサリーコレクション（＆アナザーカラー）,バッジ,プリンススター,another,img/pst_a03.png
508,パンツ＆アクセサリーコレクション（＆アナザーカラー）,バッジ,プリンススター,another,img/pst_a04.png
509,パンツ＆アクセサリーコレクション（＆アナザーカラー）,バッジ,カジュアルスター,another,img/cst_a01.png
510,パンツ＆アクセサリーコレクション（＆アナザーカラー）,バッジ,カジュアルスター,another,img/cst_a02.png
511,パンツ＆アクセサリーコレクション（＆アナザーカラー）,バッジ,カジュアルスター,another,img/cst_a03.png
512,パンツ＆アクセサリーコレクション（＆アナザーカラー）,バッジ,カジュアルスター,another,img/cst_a04.png
513,パンツ＆アクセサリーコレクション（＆アナザーカラー）,バッジ,スポーティスター,another,img/sst_a01.png
514,パンツ＆アクセサリーコレクション（＆アナザーカラー）,バッジ,スポーティスター,another,img/sst_a02.png
515,パンツ＆アクセサリーコレクション（＆アナザーカラー）,バッジ,スポーティスター,another,img/sst_a03.png
516,パンツ＆アクセサリーコレクション（＆アナザーカラー）,バッジ,スポーティスター,another,img/sst_a04.png
517,パンツ＆アクセサリーコレクション（＆アナザーカラー）,バッジ,メタモルフォーゼバッジ,another,img/mfb01.png